scorer,Mackenzie,Mackenzie,Mackenzie,Mackenzie,Mackenzie,Mackenzie,Mackenzie,Mackenzie,Mackenzie,Mackenzie,Mackenzie,Mackenzie
bodyparts,snout,snout,frontleft,frontleft,hindleft,hindleft,tailbase,tailbase,hindright,hindright,frontright,frontright
coords,x,y,x,y,x,y,x,y,x,y,x,y
reachingvideo1/img00000001.png,457.333,454.667,372.0,488.0,348.0,534.6669999999999,258.66700000000003,597.3330000000001,285.33299999999997,438.667,384.0,377.333
reachingvideo1/img00000002.png,229.333,518.6669999999999,220.0,446.667,224.0,476.0,212.0,330.667,344.0,389.333,284.0,494.667
reachingvideo1/img00000003.png,,,238.667,461.333,240.0,508.0,208.0,338.667,342.667,389.333,282.66700000000003,498.667
reachingvideo1/img00000004.png,770.6669999999999,452.0,667.5,389.5,516.0,240.0,516.0,157.333,641.3330000000001,153.333,774.6669999999999,338.667
reachingvideo1/img00000005.png,,,,,633.3330000000001,321.33299999999997,580.0,320.0,625.3330000000001,212.0,,
reachingvideo1/img00000006.png,561.3330000000001,477.333,515.8330000000001,501.167,444.0,573.3330000000001,282.66700000000003,620.0,361.333,486.667,511.0,478.0
reachingvideo1/img00000007.png,,,,,440.0,794.6669999999999,469.333,696.0,537.3330000000001,721.3330000000001,,
reachingvideo1/img00000008.png,122.667,589.3330000000001,144.0,540.0,86.667,528.0,138.667,409.333,241.333,509.333,184.0,546.6669999999999
reachingvideo1/img00000009.png,245.333,233.333,256.33299999999997,368.5,234.667,502.667,173.333,626.6669999999999,134.667,480.0,182.667,401.333
reachingvideo1/img00000010.png,530.6669999999999,673.3330000000001,560.0,650.6669999999999,586.6669999999999,534.6669999999999,682.6669999999999,402.667,730.6669999999999,569.3330000000001,567.0,677.5
reachingvideo1/img00000011.png,554.6669999999999,689.3330000000001,,,562.6669999999999,632.0,569.3330000000001,509.333,693.3330000000001,578.6669999999999,650.6669999999999,710.6669999999999
reachingvideo1/img00000012.png,,,225.125,616.375,234.667,537.3330000000001,477.333,538.6669999999999,358.667,696.0,253.5,696.5
reachingvideo1/img00000013.png,378.667,604.0,442.667,646.6669999999999,521.3330000000001,662.6669999999999,620.0,772.0,452.0,765.3330000000001,393.333,718.6669999999999
reachingvideo1/img00000014.png,,,745.3330000000001,448.0,726.6669999999999,480.0,817.3330000000001,318.66700000000003,832.0,481.333,759.5,475.5
reachingvideo1/img00000015.png,185.333,494.667,245.375,419.5,554.6669999999999,386.667,562.6669999999999,512.0,412.0,529.3330000000001,233.333,540.0
reachingvideo1/img00000016.png,,,,,540.0,834.6669999999999,477.333,713.3330000000001,641.3330000000001,729.3330000000001,,
reachingvideo1/img00000017.png,885.3330000000001,578.6669999999999,737.25,703.75,576.0,666.6669999999999,464.0,554.6669999999999,598.6669999999999,474.667,769.3330000000001,568.0
reachingvideo1/img00000018.png,556.0,840.0,523.6669999999999,844.8330000000001,584.0,874.6669999999999,436.0,822.6669999999999,532.0,706.6669999999999,617.3330000000001,690.6669999999999
reachingvideo1/img00000019.png,772.0,570.6669999999999,763.5,454.75,602.6669999999999,444.0,530.6669999999999,301.33299999999997,685.3330000000001,301.33299999999997,814.0,448.5
reachingvideo1/img00000020.png,,,,,197.333,473.333,285.33299999999997,486.667,250.667,540.0,,
reachingvideo1/img00000021.png,,,,,226.667,429.333,249.333,548.0,122.667,528.0,,
reachingvideo1/img00000022.png,228.0,766.6669999999999,135.333,582.6669999999999,192.0,317.33299999999997,289.33299999999997,317.33299999999997,312.0,422.667,220.0,674.6669999999999
reachingvideo1/img00000023.png,260.0,182.667,402.0,163.5,594.6669999999999,212.0,698.6669999999999,309.33299999999997,650.6669999999999,370.667,381.333,221.333
reachingvideo1/img00000024.png,288.0,408.0,310.16700000000003,324.16700000000003,498.667,222.667,578.6669999999999,388.0,400.0,373.333,321.75,370.0
reachingvideo1/img00000025.png,497.333,381.333,412.5,420.5,352.0,432.0,202.667,456.0,284.0,320.0,384.0,345.333
reachingvideo1/img00000026.png,150.667,514.6669999999999,239.667,322.33299999999997,333.333,265.33299999999997,502.667,258.66700000000003,454.667,325.33299999999997,216.0,416.0
reachingvideo1/img00000027.png,505.333,413.333,466.667,408.0,472.0,396.0,328.0,376.0,448.0,258.66700000000003,496.5,364.5
reachingvideo1/img00000028.png,704.0,337.333,592.0,284.0,490.667,346.667,338.667,337.333,385.333,228.0,632.0,222.667
reachingvideo1/img00000029.png,169.333,542.6669999999999,178.0,434.0,309.33299999999997,273.33299999999997,462.667,280.0,393.333,408.0,242.333,491.333
reachingvideo1/img00000030.png,506.667,604.0,475.0,710.3330000000001,256.0,720.0,174.667,644.0,273.33299999999997,604.0,455.167,701.5
reachingvideo1/img00000031.png,390.667,292.0,566.6669999999999,278.66700000000003,636.0,354.667,701.3330000000001,497.333,565.3330000000001,426.667,454.0,342.667
reachingvideo1/img00000032.png,374.667,862.6669999999999,345.25,784.25,278.66700000000003,661.3330000000001,296.0,525.3330000000001,404.0,613.3330000000001,446.667,734.6669999999999
reachingvideo1/img00000033.png,554.6669999999999,914.6669999999999,510.0,824.3330000000001,366.667,776.0,285.33299999999997,648.0,377.333,620.0,586.6669999999999,732.0
reachingvideo1/img00000034.png,316.0,570.6669999999999,269.75,658.0,290.66700000000003,726.6669999999999,258.66700000000003,854.6669999999999,165.333,706.6669999999999,248.25,604.25
reachingvideo1/img00000035.png,405.333,290.66700000000003,296.5,371.75,321.33299999999997,445.333,248.0,593.3330000000001,173.333,501.333,277.33299999999997,320.0
reachingvideo1/img00000036.png,558.6669999999999,844.0,632.25,778.25,622.6669999999999,694.6669999999999,686.6669999999999,544.0,766.6669999999999,580.0,718.3330000000001,813.0
reachingvideo1/img00000037.png,292.0,637.3330000000001,,,530.6669999999999,665.3330000000001,625.3330000000001,756.0,452.0,766.6669999999999,397.333,718.6669999999999
reachingvideo1/img00000038.png,689.3330000000001,446.667,720.5,417.667,733.3330000000001,426.667,833.3330000000001,317.33299999999997,828.0,478.667,734.0,442.5
reachingvideo1/img00000039.png,420.0,352.0,480.333,354.667,633.3330000000001,318.66700000000003,737.3330000000001,444.0,525.3330000000001,426.667,478.667,326.83299999999997
reachingvideo1/img00000040.png,349.333,137.333,555.25,183.0,668.0,250.667,746.6669999999999,370.667,654.6669999999999,377.333,433.0,213.5
reachingvideo1/img00000041.png,358.667,254.667,383.333,402.167,306.66700000000003,480.0,156.0,449.333,248.0,366.667,331.0,314.5
reachingvideo1/img00000042.png,580.0,878.6669999999999,423.167,859.3330000000001,309.33299999999997,786.6669999999999,281.33299999999997,640.0,390.667,658.6669999999999,540.5,815.5
reachingvideo1/img00000043.png,352.0,385.333,304.75,467.5,341.333,518.6669999999999,237.333,676.0,172.0,526.6669999999999,224.0,452.0
reachingvideo1/img00000044.png,825.3330000000001,437.333,836.25,560.75,680.0,724.0,590.6669999999999,721.3330000000001,665.3330000000001,612.0,745.3330000000001,572.0
reachingvideo1/img00000045.png,545.3330000000001,405.333,636.0,454.667,802.6669999999999,558.6669999999999,808.0,704.0,693.3330000000001,694.6669999999999,640.0,514.6669999999999
reachingvideo1/img00000046.png,809.3330000000001,598.6669999999999,600.0,522.6669999999999,401.333,554.6669999999999,338.667,474.667,390.667,406.667,736.5,507.833
reachingvideo1/img00000047.png,90.667,508.0,176.0,549.3330000000001,326.66700000000003,586.6669999999999,352.0,734.6669999999999,214.667,688.0,136.0,609.3330000000001
reachingvideo1/img00000048.png,410.667,892.0,553.75,842.0,493.333,737.3330000000001,505.333,594.6669999999999,585.3330000000001,700.0,500.667,886.3330000000001
reachingvideo1/img00000049.png,124.0,585.3330000000001,142.667,538.6669999999999,86.667,532.0,142.667,412.0,237.333,505.333,184.0,545.0
reachingvideo1/img00000050.png,426.667,373.333,,,439.5,345.0,353.333,180.0,502.667,234.667,446.5,346.0
reachingvideo1/img00000051.png,482.667,297.33299999999997,624.0,274.66700000000003,792.0,430.667,766.6669999999999,532.0,598.6669999999999,493.333,568.6669999999999,359.333
reachingvideo1/img00000052.png,120.0,620.0,168.0,468.0,274.66700000000003,372.0,386.667,330.667,398.667,406.667,244.0,498.667
reachingvideo1/img00000053.png,,,494.0,768.1669999999999,578.6669999999999,646.6669999999999,712.0,622.6669999999999,646.6669999999999,786.6669999999999,481.333,833.6669999999999
reachingvideo1/img00000054.png,408.0,258.66700000000003,336.25,259.5,238.667,341.333,110.667,370.667,222.667,238.667,352.0,234.667
reachingvideo1/img00000055.png,532.0,468.0,485.25,532.0,498.667,596.0,397.333,681.3330000000001,392.0,521.3330000000001,453.0,456.0
reachingvideo1/img00000056.png,596.0,436.0,561.0,507.5,405.333,709.3330000000001,318.66700000000003,753.3330000000001,293.33299999999997,614.6669999999999,385.333,524.0
reachingvideo1/img00000057.png,712.0,202.667,780.3330000000001,358.333,794.6669999999999,637.3330000000001,701.3330000000001,682.6669999999999,725.3330000000001,562.6669999999999,670.0,327.0
reachingvideo1/img00000058.png,,,382.5,310.75,386.5,347.0,350.667,172.0,504.0,236.0,407.0,331.667
reachingvideo1/img00000059.png,358.667,185.333,533.3330000000001,301.33299999999997,574.6669999999999,416.0,476.0,556.0,364.0,473.333,378.667,290.66700000000003
reachingvideo1/img00000060.png,,,843.5,484.0,601.3330000000001,617.3330000000001,494.667,572.0,584.0,458.667,790.6669999999999,444.0
reachingvideo1/img00000061.png,326.66700000000003,329.333,358.667,279.66700000000003,364.5,290.5,349.333,170.667,501.333,233.333,363.75,302.25
reachingvideo1/img00000062.png,445.333,365.333,415.25,319.5,429.0,320.0,353.333,178.667,504.0,236.0,440.75,324.5
reachingvideo1/img00000063.png,812.0,765.3330000000001,714.6669999999999,837.3330000000001,430.667,800.0,374.667,666.6669999999999,533.3330000000001,717.3330000000001,659.3330000000001,813.3330000000001
reachingvideo1/img00000064.png,332.0,604.0,361.5,637.0,352.0,649.3330000000001,506.667,661.3330000000001,372.0,764.0,288.0,725.3330000000001
reachingvideo1/img00000065.png,813.3330000000001,509.333,736.5,537.75,726.6669999999999,606.6669999999999,646.6669999999999,758.6669999999999,581.3330000000001,645.3330000000001,733.3330000000001,486.667
reachingvideo1/img00000066.png,454.667,306.66700000000003,384.0,402.667,309.33299999999997,476.0,157.333,448.0,248.0,362.667,333.333,314.66700000000003
reachingvideo1/img00000067.png,517.3330000000001,538.6669999999999,511.0,457.667,448.0,290.66700000000003,469.333,189.333,560.0,306.66700000000003,593.3330000000001,452.0
reachingvideo1/img00000068.png,244.0,761.3330000000001,,,,,154.667,748.0,168.0,618.6669999999999,271.0,611.3330000000001
reachingvideo1/img00000069.png,229.333,729.3330000000001,,,,,137.333,725.3330000000001,165.333,617.3330000000001,290.5,602.5
reachingvideo1/img00000070.png,757.3330000000001,738.6669999999999,741.3330000000001,637.3330000000001,712.0,526.6669999999999,737.3330000000001,388.0,822.6669999999999,516.0,816.0,625.3330000000001
reachingvideo1/img00000071.png,786.6669999999999,793.3330000000001,586.6669999999999,737.3330000000001,628.0,556.0,709.3330000000001,452.0,792.0,608.0,716.0,689.3330000000001
reachingvideo1/img00000072.png,256.0,270.66700000000003,356.833,265.66700000000003,708.0,381.333,705.3330000000001,480.0,612.0,518.6669999999999,418.667,418.667
reachingvideo1/img00000073.png,422.667,862.6669999999999,510.833,745.0,704.0,605.3330000000001,786.6669999999999,566.6669999999999,837.3330000000001,600.0,582.6669999999999,798.6669999999999
reachingvideo1/img00000074.png,488.0,858.6669999999999,446.0,823.0,457.5,811.5,328.0,710.6669999999999,502.667,709.3330000000001,586.6669999999999,787.0
reachingvideo1/img00000075.png,496.0,328.0,383.25,401.25,340.0,448.0,164.0,438.667,246.667,368.0,364.0,313.33299999999997
reachingvideo1/img00000076.png,350.667,310.66700000000003,257.33299999999997,341.333,297.33299999999997,477.333,241.333,608.0,176.0,506.667,270.83299999999997,327.0
reachingvideo1/img00000077.png,,,445.5,803.0,397.333,758.6669999999999,510.667,660.0,518.6669999999999,802.6669999999999,,
reachingvideo1/img00000078.png,445.333,601.3330000000001,500.667,581.0,524.0,560.0,606.6669999999999,437.333,636.0,586.6669999999999,566.0,705.5
reachingvideo1/img00000079.png,509.333,645.3330000000001,540.75,667.5,528.5,671.5,620.0,790.6669999999999,458.667,765.3330000000001,504.75,678.25
reachingvideo1/img00000080.png,222.667,404.0,292.75,366.125,429.333,361.333,568.0,449.333,421.333,496.0,269.0,390.75
reachingvideo1/img00000081.png,277.33299999999997,500.0,273.66700000000003,658.6669999999999,368.0,710.6669999999999,390.667,828.0,293.33299999999997,785.3330000000001,227.75,608.5
reachingvideo1/img00000082.png,496.0,864.0,,,473.333,858.6669999999999,413.333,712.0,582.6669999999999,702.6669999999999,591.6669999999999,819.6669999999999
reachingvideo1/img00000083.png,,,564.0,600.0,408.0,560.0,365.333,426.667,525.3330000000001,500.0,614.0,577.6669999999999
reachingvideo1/img00000084.png,177.333,430.667,288.0,524.0,349.333,546.6669999999999,433.333,657.3330000000001,317.33299999999997,668.0,184.0,522.0
reachingvideo1/img00000085.png,482.667,168.0,,,714.6669999999999,349.333,614.6669999999999,429.333,598.6669999999999,289.33299999999997,528.0,216.667
reachingvideo1/img00000086.png,233.333,533.3330000000001,198.667,417.333,280.0,205.333,414.667,194.667,324.0,314.66700000000003,282.33299999999997,444.333
reachingvideo1/img00000087.png,,,,,705.3330000000001,360.0,633.3330000000001,348.0,652.0,248.0,,
reachingvideo1/img00000088.png,,,545.6669999999999,794.0,413.333,689.3330000000001,404.0,548.0,534.6669999999999,578.6669999999999,676.5,750.5
reachingvideo1/img00000089.png,390.667,766.6669999999999,182.75,643.75,214.667,509.333,288.0,372.0,384.0,501.333,282.66700000000003,638.6669999999999
reachingvideo1/img00000090.png,594.6669999999999,748.0,577.75,801.5,576.0,833.3330000000001,361.333,848.0,497.333,761.3330000000001,538.5,738.25
reachingvideo1/img00000091.png,249.333,342.667,369.333,224.0,532.0,188.0,638.6669999999999,322.66700000000003,469.333,365.333,349.0,326.0
reachingvideo1/img00000092.png,,,,,634.6669999999999,304.0,536.0,253.333,634.6669999999999,160.0,,
reachingvideo1/img00000093.png,550.6669999999999,649.3330000000001,699.5,586.0,770.6669999999999,541.3330000000001,864.0,477.333,853.3330000000001,617.3330000000001,693.3330000000001,652.0
reachingvideo1/img00000094.png,276.0,393.333,272.0,486.667,309.33299999999997,605.3330000000001,222.667,738.6669999999999,156.0,622.6669999999999,184.0,449.333
reachingvideo1/img00000095.png,746.6669999999999,714.6669999999999,749.3330000000001,645.3330000000001,716.0,560.0,756.0,402.667,838.6669999999999,538.6669999999999,821.3330000000001,665.3330000000001
reachingvideo1/img00000096.png,,,,,464.0,734.6669999999999,494.667,650.6669999999999,582.6669999999999,625.3330000000001,,
reachingvideo1/img00000097.png,901.3330000000001,596.0,757.3330000000001,444.0,668.0,345.333,628.0,240.0,728.0,214.667,856.0,490.667
reachingvideo1/img00000098.png,692.0,816.0,,,644.0,854.6669999999999,482.667,885.3330000000001,540.0,769.3330000000001,665.3330000000001,705.3330000000001
reachingvideo1/img00000099.png,793.3330000000001,421.333,807.5,508.75,757.3330000000001,705.3330000000001,630.6669999999999,772.0,649.3330000000001,629.3330000000001,758.6669999999999,550.6669999999999
reachingvideo1/img00000100.png,298.66700000000003,552.0,272.66700000000003,512.0,293.0,509.5,184.0,430.667,346.667,410.667,299.75,502.5
reachingvideo1/img00000101.png,672.0,273.33299999999997,520.0,321.33299999999997,413.333,425.333,265.33299999999997,394.667,386.667,264.0,576.0,244.0
reachingvideo1/img00000102.png,,,,,321.33299999999997,206.667,364.0,321.33299999999997,308.0,356.0,,
reachingvideo1/img00000103.png,782.6669999999999,734.6669999999999,676.8330000000001,750.3330000000001,686.0,741.0,525.3330000000001,744.0,662.6669999999999,620.0,777.3330000000001,616.0
reachingvideo1/img00000104.png,640.0,328.0,684.0,328.25,680.0,349.333,790.6669999999999,297.33299999999997,776.0,437.333,661.0,388.333
reachingvideo1/img00000105.png,374.667,797.3330000000001,425.0,747.0,450.667,657.3330000000001,644.0,634.6669999999999,530.6669999999999,806.6669999999999,452.5,821.0
reachingvideo1/img00000106.png,326.66700000000003,544.0,196.75,422.0,216.0,285.33299999999997,274.66700000000003,189.333,337.333,316.0,319.25,450.75
reachingvideo1/img00000107.png,,,574.3330000000001,649.3330000000001,586.6669999999999,538.6669999999999,685.3330000000001,400.0,730.6669999999999,569.3330000000001,595.5,647.75
reachingvideo1/img00000108.png,228.0,454.667,314.5,519.75,417.333,564.0,476.0,698.6669999999999,328.0,680.0,229.333,525.3330000000001
reachingvideo1/img00000109.png,493.333,425.333,568.0,391.0,596.0,321.33299999999997,698.6669999999999,288.0,726.6669999999999,424.0,569.3330000000001,472.0
reachingvideo1/img00000110.png,672.0,470.667,441.0,482.0,333.333,508.0,212.0,466.667,230.667,373.333,588.75,412.25
reachingvideo1/img00000111.png,609.3330000000001,516.0,647.25,516.75,660.0,536.0,794.6669999999999,494.667,708.0,637.3330000000001,635.25,542.25
reachingvideo1/img00000112.png,314.66700000000003,612.0,362.333,635.0,353.333,653.3330000000001,506.667,662.6669999999999,370.667,764.0,294.5,726.0
reachingvideo1/img00000113.png,605.3330000000001,532.0,648.25,519.25,653.3330000000001,536.0,797.3330000000001,492.0,706.6669999999999,638.6669999999999,649.25,558.75
reachingvideo1/img00000114.png,794.6669999999999,381.333,753.75,379.75,452.0,401.333,361.333,353.333,422.667,265.33299999999997,648.0,286.66700000000003
reachingvideo1/img00000115.png,388.0,854.6669999999999,354.25,784.25,276.0,660.0,292.0,524.0,405.333,613.3330000000001,446.667,737.3330000000001
reachingvideo1/img00000116.png,798.6669999999999,361.333,711.6669999999999,333.667,533.3330000000001,345.333,436.0,254.667,480.0,176.0,677.3330000000001,234.667
reachingvideo1/img00000117.png,,,,,409.333,725.3330000000001,500.0,720.0,510.667,853.3330000000001,,
reachingvideo1/img00000118.png,490.667,326.66700000000003,385.667,400.667,340.0,448.0,162.667,438.667,248.0,366.667,365.0,313.66700000000003
reachingvideo1/img00000119.png,426.667,882.6669999999999,437.75,805.0,650.6669999999999,696.0,752.0,720.0,694.6669999999999,852.0,536.0,861.3330000000001
reachingvideo1/img00000120.png,200.0,581.3330000000001,260.0,642.6669999999999,473.333,713.3330000000001,490.667,834.6669999999999,322.66700000000003,834.6669999999999,229.75,693.75
reachingvideo1/img00000121.png,,,,,228.0,426.667,245.333,520.0,124.0,526.6669999999999,,
reachingvideo1/img00000122.png,386.667,314.66700000000003,300.83299999999997,337.667,321.33299999999997,573.3330000000001,262.66700000000003,677.3330000000001,169.333,578.6669999999999,267.0,279.0
reachingvideo1/img00000123.png,,,169.667,424.167,322.66700000000003,573.3330000000001,298.66700000000003,648.0,170.667,582.6669999999999,,
reachingvideo1/img00000124.png,236.0,386.667,275.0,571.0,354.667,529.3330000000001,454.667,628.0,312.0,656.0,219.75,457.25
reachingvideo1/img00000125.png,381.333,697.3330000000001,476.333,799.3330000000001,544.0,718.6669999999999,685.3330000000001,757.3330000000001,578.6669999999999,849.3330000000001,403.25,770.5
reachingvideo1/img00000126.png,641.3330000000001,237.333,563.8330000000001,308.0,492.0,288.0,342.667,184.0,506.667,230.667,588.75,225.25
reachingvideo1/img00000127.png,82.667,540.0,,,108.0,490.667,114.667,389.333,222.667,450.667,188.75,570.25
reachingvideo1/img00000128.png,,,134.667,504.667,160.0,326.66700000000003,277.33299999999997,292.0,254.667,449.333,181.0,575.3330000000001
reachingvideo1/img00000129.png,,,,,277.33299999999997,516.0,218.667,334.667,342.667,386.667,381.333,486.667
reachingvideo1/img00000130.png,,,,,348.0,284.0,357.333,408.0,244.0,393.333,171.0,577.75
reachingvideo1/img00000131.png,680.0,342.667,821.3330000000001,530.6669999999999,856.0,517.3330000000001,788.0,682.6669999999999,682.6669999999999,645.3330000000001,714.6669999999999,470.667
reachingvideo1/img00000132.png,164.0,649.3330000000001,188.0,510.25,322.66700000000003,317.33299999999997,480.0,305.33299999999997,462.667,397.333,280.0,530.6669999999999
reachingvideo1/img00000133.png,747.5,329.0,721.3330000000001,333.333,644.0,284.0,529.3330000000001,145.333,693.3330000000001,233.333,738.0,333.0
reachingvideo1/img00000134.png,,,496.0,818.5,561.3330000000001,641.3330000000001,676.0,569.3330000000001,696.0,724.0,567.75,846.0
reachingvideo1/img00000135.png,290.66700000000003,545.3330000000001,264.0,547.75,254.667,530.6669999999999,129.333,580.0,201.333,453.333,309.33299999999997,423.0
reachingvideo1/img00000136.png,422.667,192.0,363.5,265.0,369.333,420.0,304.0,541.3330000000001,216.0,406.667,270.25,275.25
reachingvideo1/img00000137.png,410.667,378.667,415.75,320.75,428.0,328.0,352.0,176.0,506.667,236.0,449.25,320.75
reachingvideo1/img00000138.png,213.333,576.0,259.33299999999997,643.3330000000001,474.667,712.0,488.0,834.6669999999999,324.0,834.6669999999999,231.667,680.6669999999999
reachingvideo1/img00000139.png,106.667,397.333,178.667,457.333,341.333,544.0,393.333,690.6669999999999,218.667,629.3330000000001,160.0,519.3330000000001
reachingvideo1/img00000140.png,294.66700000000003,836.0,400.0,692.0,557.3330000000001,617.3330000000001,677.3330000000001,606.6669999999999,640.0,720.0,403.0,806.0
reachingvideo1/img00000141.png,732.0,232.0,740.5,346.25,590.6669999999999,605.3330000000001,466.667,609.3330000000001,493.333,505.333,672.0,342.0
reachingvideo1/img00000142.png,197.333,541.3330000000001,278.0,603.25,413.333,520.0,546.6669999999999,529.3330000000001,452.0,638.6669999999999,231.0,618.0
reachingvideo1/img00000143.png,550.6669999999999,669.3330000000001,472.25,794.75,292.0,756.0,222.667,621.3330000000001,373.333,617.3330000000001,460.0,669.0
reachingvideo1/img00000144.png,237.333,361.333,289.66700000000003,332.167,284.0,297.33299999999997,400.0,242.667,348.0,414.667,291.0,438.0
reachingvideo1/img00000145.png,524.0,857.3330000000001,,,469.333,809.3330000000001,326.66700000000003,706.6669999999999,502.667,710.6669999999999,587.0,788.0
reachingvideo1/img00000146.png,,,188.667,424.667,356.0,393.333,432.0,513.3330000000001,278.66700000000003,561.3330000000001,173.0,506.0
reachingvideo1/img00000147.png,,,,,546.6669999999999,704.0,588.0,606.6669999999999,672.0,704.0,,
reachingvideo1/img00000148.png,252.0,777.3330000000001,363.0,751.6669999999999,597.3330000000001,681.3330000000001,653.3330000000001,708.0,560.0,841.3330000000001,433.333,832.0
reachingvideo1/img00000149.png,450.667,377.333,421.333,329.167,437.333,324.0,350.667,180.0,506.667,236.0,454.667,324.83299999999997
reachingvideo1/img00000150.png,,,389.833,465.667,260.0,456.0,128.0,386.667,258.66700000000003,312.0,399.5,440.5
reachingvideo1/img00000151.png,,,,,486.667,837.3330000000001,333.333,718.6669999999999,480.0,746.6669999999999,580.0,825.5
reachingvideo1/img00000152.png,,,693.0,232.667,672.0,300.0,565.3330000000001,438.667,557.3330000000001,294.66700000000003,,
reachingvideo1/img00000153.png,273.33299999999997,433.333,511.5,333.333,608.0,290.66700000000003,730.6669999999999,394.667,629.3330000000001,457.333,377.25,472.5
reachingvideo1/img00000154.png,186.667,672.0,204.375,439.0,292.0,381.333,422.667,413.333,337.333,552.0,243.0,543.6669999999999
reachingvideo1/img00000155.png,693.3330000000001,438.667,722.6669999999999,422.667,736.0,428.0,830.6669999999999,317.33299999999997,826.6669999999999,482.667,734.5,444.333
reachingvideo1/img00000156.png,494.667,168.0,432.0,279.66700000000003,420.0,406.667,333.333,517.3330000000001,266.66700000000003,405.333,363.5,204.5
reachingvideo1/img00000157.png,430.667,198.667,545.6669999999999,223.167,802.6669999999999,398.667,778.6669999999999,506.667,674.6669999999999,517.3330000000001,560.6669999999999,332.0
reachingvideo1/img00000158.png,,,404.833,534.9169999999999,289.33299999999997,488.0,180.0,430.667,345.333,414.667,427.75,507.25
reachingvideo1/img00000159.png,124.0,430.667,181.333,549.0,270.66700000000003,662.6669999999999,385.333,750.6669999999999,272.0,793.3330000000001,100.0,584.0
reachingvideo1/img00000160.png,714.6669999999999,400.0,675.0,346.0,622.6669999999999,264.0,562.6669999999999,114.667,692.0,230.667,706.5,300.66700000000003
reachingvideo1/img00000161.png,660.0,373.333,716.3330000000001,360.833,698.6669999999999,389.333,824.0,312.0,826.6669999999999,480.0,723.0,463.0
reachingvideo1/img00000162.png,269.33299999999997,190.667,481.0,268.0,502.667,416.0,466.667,558.6669999999999,393.333,466.667,300.0,285.0
reachingvideo1/img00000163.png,216.0,178.667,323.25,341.5,396.0,424.0,422.667,576.0,305.33299999999997,582.6669999999999,216.0,312.0
reachingvideo1/img00000164.png,681.3330000000001,342.667,758.6669999999999,329.0,745.3330000000001,348.0,838.6669999999999,317.33299999999997,778.6669999999999,450.667,714.0,390.5
reachingvideo1/img00000165.png,398.667,188.0,487.5,270.5,516.0,576.0,416.0,609.3330000000001,390.667,464.0,403.667,297.0
reachingvideo1/img00000166.png,458.667,837.3330000000001,494.0,781.5,465.333,753.3330000000001,509.333,638.6669999999999,637.3330000000001,728.0,559.25,831.75
reachingvideo1/img00000167.png,680.0,718.6669999999999,711.5,552.125,650.6669999999999,497.333,720.0,364.0,784.0,473.333,759.5,628.0
reachingvideo1/img00000168.png,177.333,540.0,332.667,661.1669999999999,457.333,702.6669999999999,484.0,770.6669999999999,460.0,782.6669999999999,240.5,669.0
reachingvideo1/img00000169.png,82.667,556.0,,,102.667,488.0,109.333,388.0,221.333,449.333,188.25,570.5
reachingvideo1/img00000170.png,366.667,541.3330000000001,289.33299999999997,492.0,196.0,464.0,142.667,321.33299999999997,260.0,306.66700000000003,325.75,431.0
reachingvideo1/img00000171.png,240.0,240.0,411.0,158.667,556.0,245.333,592.0,380.0,522.6669999999999,294.66700000000003,342.333,249.667
reachingvideo1/img00000172.png,324.0,390.667,338.333,465.5,418.667,564.0,445.333,697.3330000000001,325.33299999999997,677.3330000000001,264.0,500.333
reachingvideo1/img00000173.png,700.0,766.6669999999999,674.1669999999999,791.5,649.3330000000001,852.0,508.0,888.0,540.0,772.0,661.0,705.0
reachingvideo1/img00000174.png,506.667,640.0,313.33299999999997,532.0,205.333,337.333,281.33299999999997,276.0,350.667,352.0,469.333,527.6669999999999
reachingvideo1/img00000175.png,706.6669999999999,538.6669999999999,631.1669999999999,777.0,625.3330000000001,817.3330000000001,473.333,873.3330000000001,501.333,757.3330000000001,648.0,652.3330000000001
reachingvideo1/img00000176.png,746.6669999999999,442.667,803.75,617.5,785.3330000000001,730.6669999999999,636.0,780.0,626.6669999999999,613.3330000000001,731.6669999999999,563.6669999999999
reachingvideo1/img00000177.png,710.6669999999999,238.667,622.5,405.25,564.0,553.3330000000001,449.333,602.6669999999999,453.333,450.667,546.5,340.5
reachingvideo1/img00000178.png,530.6669999999999,662.6669999999999,541.5,604.1669999999999,565.3330000000001,614.6669999999999,566.6669999999999,490.667,693.3330000000001,578.6669999999999,652.3330000000001,703.3330000000001
reachingvideo1/img00000179.png,138.667,598.6669999999999,269.83299999999997,611.8330000000001,341.333,714.6669999999999,430.667,796.0,265.33299999999997,812.0,242.667,748.0
reachingvideo1/img00000180.png,,,318.75,338.0,428.0,358.667,553.3330000000001,438.667,472.0,485.333,270.66700000000003,389.333
reachingvideo1/img00000181.png,432.0,849.3330000000001,485.333,702.6669999999999,400.0,470.667,449.333,413.333,557.3330000000001,486.667,550.6669999999999,752.0
reachingvideo1/img00000182.png,170.667,581.3330000000001,240.0,642.6669999999999,321.33299999999997,749.3330000000001,373.333,873.3330000000001,252.0,800.0,161.333,666.6669999999999
reachingvideo1/img00000183.png,417.333,376.0,413.0,330.167,430.667,322.66700000000003,354.667,176.0,505.333,236.0,450.0,327.5
reachingvideo1/img00000184.png,141.333,696.0,276.5,658.0,386.667,633.3330000000001,529.3330000000001,700.0,430.667,745.3330000000001,232.167,748.5
reachingvideo1/img00000185.png,708.0,682.6669999999999,684.1669999999999,568.0,686.6669999999999,397.333,654.6669999999999,248.0,802.6669999999999,270.66700000000003,782.6669999999999,540.0
reachingvideo1/img00000186.png,401.333,368.0,,,382.667,374.667,340.0,178.667,506.667,233.333,405.5,320.75
reachingvideo1/img00000187.png,,,226.0,709.5,384.0,712.0,538.6669999999999,705.3330000000001,424.0,798.6669999999999,275.5,800.25
reachingvideo1/img00000188.png,705.3330000000001,437.333,580.75,514.25,454.667,506.667,362.667,362.667,550.6669999999999,390.667,618.1669999999999,453.0
reachingvideo1/img00000189.png,612.0,312.0,630.0,290.83299999999997,648.0,280.0,557.3330000000001,146.667,696.0,201.333,740.25,333.0
reachingvideo1/img00000190.png,357.333,482.667,323.5,454.333,317.33299999999997,445.333,153.333,434.667,268.0,330.667,398.667,377.333
reachingvideo1/img00000191.png,,,372.25,752.5,414.667,706.6669999999999,577.3330000000001,669.3330000000001,472.0,785.3330000000001,342.0,839.75
reachingvideo1/img00000192.png,436.0,646.6669999999999,326.25,664.25,244.0,681.3330000000001,146.667,741.3330000000001,168.0,613.3330000000001,272.33299999999997,608.3330000000001
reachingvideo1/img00000193.png,370.667,473.333,327.0,454.25,318.66700000000003,441.333,154.667,434.667,268.0,332.0,396.667,376.0
reachingvideo1/img00000194.png,626.6669999999999,872.0,577.0,832.5,589.3330000000001,836.0,408.0,798.6669999999999,542.6669999999999,721.3330000000001,626.6669999999999,785.3330000000001
reachingvideo1/img00000195.png,181.333,681.3330000000001,205.0,440.667,290.66700000000003,382.667,418.667,417.333,337.333,552.0,240.667,545.6669999999999
reachingvideo1/img00000196.png,709.3330000000001,284.0,595.6669999999999,340.333,493.333,404.0,330.667,384.0,449.333,253.333,568.5,282.75
reachingvideo1/img00000197.png,440.0,469.333,544.0,402.667,682.6669999999999,396.0,808.0,470.667,674.6669999999999,533.3330000000001,528.5,501.5
reachingvideo1/img00000198.png,290.66700000000003,820.0,278.5,686.25,302.66700000000003,505.333,429.333,424.0,442.667,614.6669999999999,349.0,737.0
reachingvideo1/img00000199.png,685.3330000000001,309.33299999999997,550.0,245.833,513.3330000000001,296.0,374.667,261.33299999999997,478.667,174.667,670.6669999999999,246.667
reachingvideo1/img00000200.png,,,436.167,444.667,442.667,572.0,284.0,630.6669999999999,360.0,485.333,464.75,451.0
reachingvideo1/img00000201.png,233.333,389.333,272.66700000000003,488.167,313.33299999999997,600.0,229.333,746.6669999999999,154.667,621.3330000000001,183.75,451.0
reachingvideo1/img00000202.png,520.0,170.667,,,718.6669999999999,350.667,606.6669999999999,432.0,600.0,293.33299999999997,579.0,216.0
reachingvideo1/img00000203.png,733.3330000000001,790.6669999999999,544.0,797.3330000000001,397.333,753.3330000000001,324.0,650.6669999999999,364.0,554.6669999999999,611.0,728.0
reachingvideo1/img00000204.png,,,,,709.3330000000001,474.667,550.6669999999999,518.6669999999999,573.3330000000001,397.333,,
reachingvideo1/img00000205.png,465.333,372.0,402.667,466.667,309.33299999999997,585.3330000000001,298.66700000000003,741.3330000000001,141.333,658.6669999999999,337.5,417.5
reachingvideo1/img00000206.png,112.0,608.0,187.0,651.5,232.0,700.0,333.333,860.0,189.333,777.3330000000001,147.0,676.25
reachingvideo1/img00000207.png,302.66700000000003,540.0,197.833,419.167,221.333,281.33299999999997,289.33299999999997,182.667,332.0,314.66700000000003,301.75,441.5
reachingvideo1/img00000208.png,698.6669999999999,497.333,739.8330000000001,412.833,724.0,440.0,813.3330000000001,320.0,832.0,481.333,757.5,470.0
reachingvideo1/img00000209.png,453.333,736.0,632.0,762.6669999999999,661.3330000000001,649.3330000000001,770.6669999999999,584.0,804.0,665.3330000000001,560.0,818.0
reachingvideo1/img00000210.png,,,,,474.667,374.667,406.667,370.667,392.0,261.33299999999997,,
reachingvideo1/img00000211.png,561.3330000000001,692.0,550.6669999999999,638.6669999999999,453.333,506.667,416.0,345.333,557.3330000000001,392.0,636.0,602.0
reachingvideo1/img00000212.png,653.3330000000001,912.0,580.5,811.0,662.6669999999999,569.3330000000001,756.0,509.333,768.0,676.0,666.0,808.0
reachingvideo1/img00000213.png,,,376.25,836.0830000000001,412.0,724.0,546.6669999999999,645.3330000000001,577.3330000000001,792.0,564.0,838.25
reachingvideo1/img00000214.png,396.0,829.3330000000001,366.0,669.3330000000001,441.333,481.333,516.0,418.667,533.3330000000001,564.0,463.0,709.0
reachingvideo1/img00000215.png,505.333,118.667,599.0,251.667,456.0,400.0,309.33299999999997,408.0,418.667,269.33299999999997,461.333,207.333
reachingvideo1/img00000216.png,229.333,757.3330000000001,277.0,702.6669999999999,349.333,652.0,506.667,661.3330000000001,372.0,765.3330000000001,293.0,724.5
reachingvideo1/img00000217.png,572.0,401.333,644.3330000000001,464.333,725.3330000000001,604.0,666.6669999999999,772.0,582.6669999999999,645.3330000000001,619.25,556.25
reachingvideo1/img00000218.png,,,355.25,279.25,357.0,289.0,346.667,169.333,502.667,233.333,374.75,294.75
reachingvideo1/img00000219.png,,,,,330.667,196.0,477.333,297.33299999999997,310.66700000000003,353.333,221.667,341.333
reachingvideo1/img00000220.png,446.667,304.0,384.0,401.333,305.33299999999997,480.0,154.667,445.333,246.667,364.0,332.0,317.33299999999997
reachingvideo1/img00000221.png,312.0,701.3330000000001,235.667,630.0,208.0,468.0,390.667,369.333,353.333,545.3330000000001,292.75,611.75
reachingvideo1/img00000222.png,176.0,398.667,187.25,482.75,285.33299999999997,622.6669999999999,313.33299999999997,725.3330000000001,174.667,704.0,112.25,545.5
reachingvideo1/img00000223.png,336.0,753.3330000000001,330.333,692.6669999999999,370.667,628.0,484.0,464.0,557.3330000000001,580.0,406.667,727.3330000000001
reachingvideo1/img00000224.png,478.667,609.3330000000001,404.75,616.0,402.667,674.6669999999999,200.0,696.0,284.0,560.0,418.5,576.8330000000001
reachingvideo1/img00000225.png,120.0,656.0,295.0,629.5,390.667,657.3330000000001,538.6669999999999,717.3330000000001,416.0,801.3330000000001,309.33299999999997,737.3330000000001
reachingvideo1/img00000226.png,644.0,248.0,707.25,364.25,781.3330000000001,560.0,681.3330000000001,653.3330000000001,661.3330000000001,480.0,662.0,385.0
reachingvideo1/img00000227.png,596.0,589.3330000000001,529.5,638.75,409.333,760.0,284.0,773.3330000000001,344.0,624.0,425.75,603.5
reachingvideo1/img00000228.png,452.0,153.333,398.0,270.75,398.667,358.667,312.0,494.667,264.0,336.0,303.75,269.25
reachingvideo1/img00000229.png,,,542.1669999999999,289.0,474.667,373.333,340.0,398.667,388.0,262.66700000000003,,
reachingvideo1/img00000230.png,,,,,773.3330000000001,556.0,689.3330000000001,537.3330000000001,665.3330000000001,474.667,,
reachingvideo1/img00000231.png,502.667,532.0,386.667,536.0,250.667,476.0,196.0,349.333,346.667,414.667,377.25,507.75
reachingvideo1/img00000232.png,308.0,797.3330000000001,244.0,637.25,404.0,446.667,534.6669999999999,452.0,482.667,566.6669999999999,369.5,707.75
reachingvideo1/img00000233.png,360.0,300.0,358.5,387.5,404.0,461.333,426.667,628.0,278.66700000000003,557.3330000000001,312.5,354.0
reachingvideo1/img00000234.png,490.667,381.333,569.8330000000001,389.667,602.6669999999999,306.66700000000003,694.6669999999999,285.33299999999997,726.6669999999999,424.0,611.5,435.0
reachingvideo1/img00000235.png,316.0,588.0,265.33299999999997,588.0,272.0,573.3330000000001,106.667,638.6669999999999,145.333,509.333,274.33299999999997,497.667
reachingvideo1/img00000236.png,878.6669999999999,685.3330000000001,756.0,697.3330000000001,690.6669999999999,592.0,708.0,400.0,793.3330000000001,517.3330000000001,870.0,621.0
reachingvideo1/img00000237.png,269.33299999999997,425.333,258.66700000000003,398.0,341.333,225.333,520.0,176.0,428.0,336.0,332.5,443.25
reachingvideo1/img00000238.png,440.0,469.333,544.5,402.25,685.3330000000001,398.667,809.3330000000001,472.0,673.3330000000001,534.6669999999999,528.3330000000001,502.333
reachingvideo1/img00000239.png,,,645.0,179.0,676.0,410.667,550.6669999999999,478.667,538.6669999999999,302.66700000000003,605.3330000000001,195.667
reachingvideo1/img00000240.png,176.0,625.3330000000001,276.33299999999997,659.0,405.333,638.6669999999999,528.0,704.0,425.333,744.0,218.0,698.3330000000001
reachingvideo1/img00000241.png,192.0,666.6669999999999,360.0,754.6669999999999,433.333,737.3330000000001,558.6669999999999,774.6669999999999,494.667,862.6669999999999,239.0,744.6669999999999
reachingvideo1/img00000242.png,497.333,230.667,332.0,356.0,326.66700000000003,440.0,250.667,541.3330000000001,173.333,498.667,365.0,250.333
reachingvideo1/img00000243.png,742.6669999999999,318.66700000000003,818.75,436.25,808.0,592.0,742.6669999999999,720.0,657.3330000000001,604.0,715.0,425.0
reachingvideo1/img00000244.png,682.6669999999999,501.333,734.0,538.25,726.6669999999999,606.6669999999999,661.3330000000001,782.6669999999999,582.6669999999999,644.0,618.5,557.0
reachingvideo1/img00000245.png,594.6669999999999,97.333,526.25,213.25,413.333,309.33299999999997,268.0,350.667,308.0,201.333,400.0,180.0
reachingvideo1/img00000246.png,750.6669999999999,732.0,667.5,666.5,484.0,557.3330000000001,377.333,485.333,438.667,398.667,742.6669999999999,524.0
reachingvideo1/img00000247.png,752.0,246.667,703.0,415.333,628.0,600.0,500.0,588.0,538.6669999999999,512.0,686.6669999999999,302.66700000000003
reachingvideo1/img00000248.png,,,,,704.0,358.667,569.3330000000001,349.333,645.3330000000001,241.333,,
reachingvideo1/img00000249.png,682.6669999999999,341.333,758.75,330.0,745.3330000000001,348.0,837.3330000000001,318.66700000000003,782.6669999999999,446.667,718.3330000000001,390.333
reachingvideo1/img00000250.png,458.667,410.667,336.25,484.75,290.66700000000003,514.6669999999999,153.333,572.0,201.333,457.333,311.0,424.667
reachingvideo1/img00000251.png,326.66700000000003,328.0,,,296.0,349.333,314.66700000000003,176.0,436.0,286.66700000000003,407.667,404.333
reachingvideo1/img00000252.png,170.667,760.0,282.0,722.3330000000001,393.333,726.6669999999999,542.6669999999999,808.0,406.667,852.0,273.33299999999997,812.3330000000001
reachingvideo1/img00000253.png,276.0,390.667,272.0,488.75,313.33299999999997,601.3330000000001,229.333,748.0,156.0,622.6669999999999,183.75,449.5
reachingvideo1/img00000254.png,,,,,688.0,726.6669999999999,581.3330000000001,658.6669999999999,729.3330000000001,633.3330000000001,,
reachingvideo1/img00000255.png,556.0,458.667,601.75,496.75,584.0,517.3330000000001,686.6669999999999,581.3330000000001,528.0,633.3330000000001,444.75,541.5
reachingvideo1/img00000256.png,,,,,708.0,360.0,630.6669999999999,353.333,652.0,248.0,,
reachingvideo1/img00000257.png,306.66700000000003,545.3330000000001,256.25,488.5,270.66700000000003,501.333,217.333,334.667,344.0,388.0,381.0,484.667
reachingvideo1/img00000258.png,117.333,302.66700000000003,285.0,338.0,450.667,409.333,502.667,534.6669999999999,366.667,557.3330000000001,244.0,434.0
reachingvideo1/img00000259.png,838.6669999999999,397.333,818.0,534.5,669.3330000000001,754.6669999999999,578.6669999999999,726.6669999999999,648.0,609.3330000000001,727.6669999999999,564.0
reachingvideo1/img00000260.png,720.0,456.0,740.3330000000001,440.667,752.0,464.0,830.6669999999999,317.33299999999997,829.3330000000001,482.667,753.75,484.25
reachingvideo1/img00000261.png,670.6669999999999,262.66700000000003,652.75,308.75,736.0,501.333,645.3330000000001,613.3330000000001,617.3330000000001,518.6669999999999,593.0,308.5
reachingvideo1/img00000262.png,162.667,581.3330000000001,241.0,645.5,321.33299999999997,749.3330000000001,374.667,872.0,253.333,802.6669999999999,163.5,668.5
reachingvideo1/img00000263.png,694.6669999999999,618.6669999999999,702.25,525.0,696.0,429.333,762.6669999999999,282.66700000000003,862.6669999999999,412.0,818.3330000000001,547.0
reachingvideo1/img00000264.png,,,295.0,551.0,256.0,422.667,362.667,296.0,328.0,472.0,316.25,555.0
reachingvideo1/img00000265.png,425.333,609.3330000000001,467.667,644.8330000000001,453.333,658.6669999999999,558.6669999999999,753.3330000000001,416.0,785.3330000000001,313.0,676.5
reachingvideo1/img00000266.png,682.6669999999999,344.0,758.25,330.0,744.0,346.667,838.6669999999999,317.33299999999997,781.3330000000001,449.333,718.0,394.75
reachingvideo1/img00000267.png,,,789.5,463.0,668.0,410.667,569.3330000000001,288.0,692.0,264.0,841.6669999999999,444.333
reachingvideo1/img00000268.png,314.66700000000003,582.6669999999999,269.0,657.6669999999999,284.0,720.0,266.66700000000003,854.6669999999999,165.333,708.0,198.667,621.3330000000001
reachingvideo1/img00000269.png,108.0,610.6669999999999,188.0,653.3330000000001,230.667,702.6669999999999,332.0,857.3330000000001,192.0,777.3330000000001,145.333,674.6669999999999
reachingvideo1/img00000270.png,661.3330000000001,776.0,468.5,824.0,272.0,685.3330000000001,273.33299999999997,566.6669999999999,392.0,577.3330000000001,541.3330000000001,751.3330000000001
reachingvideo1/img00000271.png,,,,,550.6669999999999,686.6669999999999,592.0,616.0,681.3330000000001,681.3330000000001,,
reachingvideo1/img00000272.png,,,464.333,772.0,638.6669999999999,624.0,753.3330000000001,609.3330000000001,716.0,761.3330000000001,548.0,853.5
reachingvideo1/img00000273.png,,,205.5,552.0,225.333,392.0,330.667,308.0,305.33299999999997,493.333,217.333,568.3330000000001
reachingvideo1/img00000274.png,556.0,468.0,437.0,482.167,206.667,568.0,132.0,509.333,228.0,374.667,332.0,362.25
reachingvideo1/img00000275.png,734.6669999999999,568.0,731.5,499.75,694.6669999999999,418.667,780.0,265.33299999999997,861.3330000000001,414.667,818.6669999999999,548.0
reachingvideo1/img00000276.png,,,705.3330000000001,413.333,677.3330000000001,430.667,821.3330000000001,320.0,830.6669999999999,478.667,756.0,438.667
reachingvideo1/img00000277.png,853.3330000000001,485.333,808.3330000000001,620.0,546.6669999999999,802.6669999999999,498.667,725.3330000000001,617.3330000000001,630.6669999999999,715.5,616.0
reachingvideo1/img00000278.png,,,260.75,329.5,341.333,292.0,501.333,304.0,452.0,409.333,226.667,468.0
reachingvideo1/img00000279.png,542.6669999999999,642.6669999999999,538.75,696.0,540.0,666.6669999999999,576.0,842.6669999999999,440.0,782.6669999999999,495.5,675.0
reachingvideo1/img00000280.png,133.333,562.6669999999999,129.5,517.0,156.0,537.3330000000001,73.333,429.333,186.667,370.667,216.0,506.5
reachingvideo1/img00000281.png,440.0,470.667,545.25,402.25,688.0,398.667,813.3330000000001,472.0,677.3330000000001,534.6669999999999,528.0,506.667
reachingvideo1/img00000282.png,724.0,477.333,667.0,388.75,516.0,240.0,520.0,162.667,640.0,152.0,774.6669999999999,338.667
reachingvideo1/img00000283.png,354.667,893.3330000000001,286.25,696.75,341.333,612.0,489.333,556.0,436.0,733.3330000000001,389.25,783.25
reachingvideo1/img00000284.png,138.667,629.3330000000001,168.833,597.8330000000001,114.667,605.3330000000001,190.667,469.333,284.0,590.6669999999999,183.0,684.5
reachingvideo1/img00000285.png,901.3330000000001,358.667,816.5,500.0,764.0,705.3330000000001,648.0,724.0,652.0,621.3330000000001,753.6669999999999,426.333
reachingvideo1/img00000286.png,232.0,522.6669999999999,216.0,449.333,224.0,468.0,210.667,332.0,341.333,389.333,285.33299999999997,496.0
reachingvideo1/img00000287.png,180.0,608.0,149.333,552.0,166.667,570.6669999999999,97.333,428.0,222.667,450.667,184.25,565.25
reachingvideo1/img00000288.png,,,436.5,232.75,361.333,552.0,268.0,537.3330000000001,352.0,356.0,321.5,246.5
reachingvideo1/img00000289.png,,,792.25,504.5,690.6669999999999,654.6669999999999,565.3330000000001,706.6669999999999,560.0,576.0,729.0,457.667
reachingvideo1/img00000290.png,192.0,462.667,348.167,369.333,542.6669999999999,293.33299999999997,653.3330000000001,364.0,629.3330000000001,448.0,369.0,466.333
reachingvideo1/img00000291.png,,,,,298.66700000000003,266.66700000000003,440.0,209.333,402.667,349.333,,
reachingvideo1/img00000292.png,,,728.0,448.0,732.0,460.0,834.6669999999999,322.66700000000003,826.6669999999999,478.667,781.0,502.5
reachingvideo1/img00000293.png,300.0,357.333,234.667,433.333,245.333,550.6669999999999,173.333,610.6669999999999,117.333,464.0,175.0,385.0
reachingvideo1/img00000294.png,501.333,672.0,462.5,706.1669999999999,409.333,758.6669999999999,250.667,766.6669999999999,342.667,624.0,447.0,636.5
reachingvideo1/img00000295.png,176.0,370.667,274.66700000000003,486.667,313.33299999999997,601.3330000000001,257.33299999999997,720.0,153.333,620.0,194.333,480.333
reachingvideo1/img00000296.png,,,542.3330000000001,167.667,725.3330000000001,306.66700000000003,689.3330000000001,421.333,604.0,314.66700000000003,494.0,215.5
reachingvideo1/img00000297.png,324.0,480.0,378.0,415.25,632.0,317.33299999999997,716.0,422.667,525.3330000000001,428.0,407.0,470.5
reachingvideo1/img00000298.png,757.3330000000001,285.33299999999997,657.5,256.0,566.6669999999999,261.33299999999997,392.0,249.333,498.667,138.667,678.0,208.667
reachingvideo1/img00000299.png,420.0,677.3330000000001,509.0,682.0,565.3330000000001,606.6669999999999,710.6669999999999,536.0,682.6669999999999,678.6669999999999,521.5,750.0
reachingvideo1/img00000300.png,862.6669999999999,621.3330000000001,798.25,415.75,700.0,394.667,617.3330000000001,260.0,734.6669999999999,212.0,869.0,503.5
reachingvideo1/img00000301.png,232.0,520.0,216.0,446.0,224.0,470.667,206.667,333.333,344.0,390.667,285.0,492.5
reachingvideo1/img00000302.png,,,591.25,322.75,638.6669999999999,332.0,434.667,221.333,594.6669999999999,181.333,642.0,290.75
reachingvideo1/img00000303.png,604.0,642.6669999999999,635.75,625.5,686.6669999999999,628.0,829.3330000000001,632.0,698.6669999999999,714.6669999999999,634.3330000000001,662.3330000000001
reachingvideo1/img00000304.png,672.0,620.0,548.0,525.5,424.0,357.333,381.333,256.0,488.0,234.667,568.75,441.25
reachingvideo1/img00000305.png,305.33299999999997,549.3330000000001,355.0,268.0,496.0,241.333,618.6669999999999,320.0,557.3330000000001,470.667,387.0,418.667
reachingvideo1/img00000306.png,,,646.3330000000001,803.6669999999999,646.6669999999999,686.6669999999999,681.3330000000001,529.3330000000001,773.3330000000001,680.0,746.6669999999999,779.3330000000001
reachingvideo1/img00000307.png,232.0,365.333,287.375,396.0,296.0,373.333,400.0,374.667,309.33299999999997,484.0,182.333,447.333
reachingvideo1/img00000308.png,92.0,630.6669999999999,169.25,594.75,141.333,510.667,265.33299999999997,362.667,284.0,500.0,290.33299999999997,597.6669999999999
reachingvideo1/img00000309.png,,,,,818.6669999999999,334.667,716.0,384.0,690.6669999999999,306.66700000000003,,
reachingvideo1/img00000310.png,534.6669999999999,546.6669999999999,510.25,457.75,445.333,285.33299999999997,461.333,190.667,560.0,306.66700000000003,593.6669999999999,451.333
reachingvideo1/img00000311.png,768.0,332.0,712.0,317.75,645.3330000000001,286.66700000000003,528.0,146.667,689.3330000000001,228.0,730.0,298.75
reachingvideo1/img00000312.png,654.6669999999999,194.667,714.75,277.25,809.3330000000001,424.0,753.3330000000001,608.0,633.3330000000001,461.333,676.3330000000001,367.667
reachingvideo1/img00000313.png,588.0,530.6669999999999,642.5,530.0,644.5,547.0,793.3330000000001,493.333,708.0,638.6669999999999,639.8330000000001,557.5
reachingvideo1/img00000314.png,110.667,606.6669999999999,187.25,653.0,230.667,702.6669999999999,329.333,857.3330000000001,189.333,776.0,147.0,676.3330000000001
reachingvideo1/img00000315.png,425.333,384.0,,,405.333,381.333,338.667,182.667,506.667,236.0,416.0,324.66700000000003
reachingvideo1/img00000316.png,,,,,726.6669999999999,364.0,646.6669999999999,398.667,644.0,328.0,,
reachingvideo1/img00000317.png,704.0,432.0,626.6669999999999,382.667,645.3330000000001,341.333,796.0,314.66700000000003,708.0,464.0,,
reachingvideo1/img00000318.png,572.0,714.6669999999999,573.0,685.0,582.6669999999999,538.6669999999999,662.6669999999999,397.333,732.0,569.3330000000001,603.5,679.8330000000001
reachingvideo1/img00000319.png,680.0,448.0,716.0,428.0,726.0,441.5,817.3330000000001,318.66700000000003,833.3330000000001,484.0,761.0,472.0
reachingvideo1/img00000320.png,218.667,733.3330000000001,374.667,758.6669999999999,512.0,744.0,624.0,789.3330000000001,556.0,884.0,313.33299999999997,822.6669999999999
reachingvideo1/img00000321.png,614.6669999999999,460.0,619.25,431.0,649.3330000000001,336.0,725.3330000000001,186.667,769.3330000000001,336.0,644.5,430.25
reachingvideo1/img00000322.png,672.0,448.0,712.0,426.667,717.3330000000001,448.0,818.6669999999999,313.33299999999997,833.3330000000001,482.667,765.0,470.0
reachingvideo1/img00000323.png,497.333,465.333,425.0,562.0,390.667,674.6669999999999,328.0,793.3330000000001,238.667,678.6669999999999,316.0,497.0
reachingvideo1/img00000324.png,482.667,120.0,608.25,194.5,704.0,322.66700000000003,721.3330000000001,464.0,602.6669999999999,433.333,508.0,208.25
reachingvideo1/img00000325.png,581.3330000000001,377.333,714.5,339.5,780.0,366.667,850.6669999999999,524.0,732.0,526.6669999999999,653.6669999999999,425.667
reachingvideo1/img00000326.png,305.33299999999997,762.6669999999999,221.0,680.75,192.0,649.3330000000001,154.667,481.333,288.0,589.3330000000001,323.33299999999997,707.0
reachingvideo1/img00000327.png,296.0,590.6669999999999,,,266.66700000000003,601.3330000000001,101.333,642.6669999999999,145.333,512.0,275.33299999999997,497.667
reachingvideo1/img00000328.png,385.333,216.0,249.333,397.333,268.0,469.333,216.0,581.3330000000001,140.0,537.3330000000001,295.0,250.0
reachingvideo1/img00000329.png,729.3330000000001,545.3330000000001,730.1669999999999,664.8330000000001,577.3330000000001,769.3330000000001,466.333,858.0,380.0,790.6669999999999,650.5,576.0
reachingvideo1/img00000330.png,572.0,538.6669999999999,635.0,509.75,644.0,526.6669999999999,794.6669999999999,498.667,705.3330000000001,640.0,624.25,549.75
reachingvideo1/img00000331.png,861.3330000000001,334.667,678.1669999999999,294.66700000000003,569.3330000000001,262.66700000000003,432.0,221.333,504.0,137.333,761.0,243.0
reachingvideo1/img00000332.png,566.6669999999999,793.3330000000001,474.75,724.5,373.333,625.3330000000001,442.667,426.667,558.6669999999999,577.3330000000001,526.5,697.0
reachingvideo1/img00000333.png,474.667,885.3330000000001,388.667,802.1669999999999,278.66700000000003,597.3330000000001,345.333,498.667,430.667,634.6669999999999,442.0,808.3330000000001
reachingvideo1/img00000334.png,594.6669999999999,749.3330000000001,650.75,600.75,696.0,492.0,757.3330000000001,393.333,797.3330000000001,545.3330000000001,748.6669999999999,668.6669999999999
reachingvideo1/img00000335.png,664.0,454.667,746.6669999999999,660.0,646.6669999999999,841.3330000000001,516.0,849.3330000000001,516.0,738.6669999999999,634.0,563.0
reachingvideo1/img00000336.png,472.0,917.3330000000001,324.66700000000003,746.1669999999999,453.333,653.3330000000001,632.0,692.0,528.0,812.0,416.0,801.3330000000001
reachingvideo1/img00000337.png,200.0,672.0,170.667,588.0,140.0,545.3330000000001,130.667,404.0,238.667,509.333,228.5,561.0
reachingvideo1/img00000338.png,306.66700000000003,384.0,,,317.75,351.0,234.667,277.33299999999997,376.0,286.66700000000003,446.667,366.333
reachingvideo1/img00000339.png,370.667,898.6669999999999,424.25,754.25,490.667,482.667,557.3330000000001,500.0,602.6669999999999,618.6669999999999,495.0,816.3330000000001
reachingvideo1/img00000340.png,664.0,756.0,529.8330000000001,562.1669999999999,453.333,538.6669999999999,470.667,393.333,606.6669999999999,400.0,647.3330000000001,606.0
reachingvideo1/img00000341.png,489.333,200.0,603.5,150.0,656.0,181.333,818.6669999999999,293.33299999999997,684.0,361.333,565.0,253.667
reachingvideo1/img00000342.png,126.667,532.0,226.25,560.25,337.333,482.667,492.0,482.667,449.333,528.0,250.333,663.0
reachingvideo1/img00000343.png,,,,,753.3330000000001,362.667,633.3330000000001,426.667,633.3330000000001,293.33299999999997,,
reachingvideo1/img00000344.png,204.0,348.0,371.0,430.167,506.667,432.0,584.0,557.3330000000001,488.0,606.6669999999999,254.0,450.0
reachingvideo1/img00000345.png,,,613.1669999999999,214.167,748.0,365.333,697.3330000000001,468.0,601.3330000000001,417.333,563.0,218.833
reachingvideo1/img00000346.png,393.333,594.6669999999999,278.25,614.25,233.333,565.3330000000001,149.333,417.333,281.33299999999997,485.333,328.0,556.0
reachingvideo1/img00000347.png,512.0,668.0,464.25,706.5,410.667,757.3330000000001,249.333,768.0,344.0,626.6669999999999,446.0,637.5
reachingvideo1/img00000348.png,666.6669999999999,808.0,681.3330000000001,680.6669999999999,525.3330000000001,536.0,534.6669999999999,432.0,650.6669999999999,458.667,756.3330000000001,688.6669999999999
reachingvideo1/img00000349.png,328.0,676.0,268.5,644.75,189.333,505.333,261.33299999999997,364.0,365.333,506.667,316.0,629.25
reachingvideo1/img00000350.png,368.0,522.6669999999999,244.25,397.0,273.33299999999997,296.0,358.667,176.0,434.667,330.667,356.5,422.25
reachingvideo1/img00000351.png,,,,,578.6669999999999,670.6669999999999,581.3330000000001,582.6669999999999,682.6669999999999,596.0,,
reachingvideo1/img00000352.png,349.333,584.0,316.75,533.75,294.66700000000003,505.333,192.0,436.0,344.0,413.333,352.0,528.0
reachingvideo1/img00000353.png,368.0,133.333,326.75,314.5,281.33299999999997,557.3330000000001,190.667,533.3330000000001,154.667,394.667,263.33299999999997,231.0
reachingvideo1/img00000354.png,550.6669999999999,710.6669999999999,450.25,830.25,257.33299999999997,721.3330000000001,210.667,605.3330000000001,409.333,624.0,450.0,704.3330000000001
reachingvideo1/img00000355.png,286.66700000000003,672.0,242.667,574.5,321.33299999999997,317.33299999999997,474.667,318.66700000000003,441.333,462.667,281.66700000000003,528.0
reachingvideo1/img00000356.png,265.33299999999997,781.3330000000001,360.0,747.0,372.0,702.6669999999999,438.667,608.0,500.0,728.0,454.0,827.3330000000001
reachingvideo1/img00000357.png,,,324.75,276.25,322.66700000000003,572.0,265.33299999999997,661.3330000000001,168.0,580.0,265.0,282.66700000000003
reachingvideo1/img00000358.png,537.3330000000001,850.6669999999999,,,584.0,874.6669999999999,414.667,809.3330000000001,532.0,709.3330000000001,614.0,688.0
reachingvideo1/img00000359.png,,,344.5,216.167,441.333,216.0,606.6669999999999,285.33299999999997,457.333,325.33299999999997,294.66700000000003,301.66700000000003
reachingvideo1/img00000360.png,592.0,470.667,560.1669999999999,609.6669999999999,413.333,601.3330000000001,264.0,666.6669999999999,297.33299999999997,545.3330000000001,505.667,541.6669999999999
reachingvideo1/img00000361.png,,,590.1669999999999,801.3330000000001,518.6669999999999,745.3330000000001,460.0,605.3330000000001,613.3330000000001,666.6669999999999,661.6669999999999,745.3330000000001
reachingvideo1/img00000362.png,,,,,709.3330000000001,474.667,542.6669999999999,536.0,573.3330000000001,401.333,741.25,332.25
reachingvideo1/img00000363.png,,,506.0,800.75,633.3330000000001,621.3330000000001,729.3330000000001,542.6669999999999,744.0,713.3330000000001,583.6669999999999,842.3330000000001
reachingvideo1/img00000364.png,654.6669999999999,524.0,701.0,437.75,594.6669999999999,312.0,588.0,180.0,708.0,224.0,716.3330000000001,463.667
reachingvideo1/img00000365.png,,,256.5,397.75,320.0,576.0,276.0,717.3330000000001,170.667,585.3330000000001,154.0,483.0
reachingvideo1/img00000366.png,198.667,496.0,233.333,377.333,493.333,176.0,550.6669999999999,233.333,454.667,326.66700000000003,330.0,329.5
reachingvideo1/img00000367.png,400.0,685.3330000000001,308.0,642.6669999999999,177.333,382.667,252.0,290.66700000000003,349.333,416.0,314.0,520.0
reachingvideo1/img00000368.png,445.333,348.0,321.0,495.0,416.0,649.3330000000001,358.667,741.3330000000001,296.0,650.6669999999999,300.5,425.0
reachingvideo1/img00000369.png,,,541.0,196.75,453.333,401.333,312.0,406.667,418.667,270.66700000000003,472.667,192.0
reachingvideo1/img00000370.png,540.0,412.0,385.25,536.25,254.667,489.333,180.0,436.0,356.0,408.0,419.667,407.0
reachingvideo1/img00000371.png,504.0,102.667,666.0,272.33299999999997,745.3330000000001,376.0,706.6669999999999,526.6669999999999,580.0,505.333,537.0,253.667
reachingvideo1/img00000372.png,220.0,265.33299999999997,309.0,198.5,401.333,164.0,556.0,265.33299999999997,370.667,268.0,311.66700000000003,255.333
reachingvideo1/img00000373.png,634.6669999999999,650.6669999999999,584.0,609.3330000000001,589.3330000000001,596.0,436.0,548.0,592.0,478.667,629.6669999999999,567.3330000000001
reachingvideo1/img00000374.png,670.6669999999999,805.3330000000001,607.75,793.5,609.3330000000001,829.3330000000001,424.0,766.6669999999999,582.6669999999999,697.3330000000001,676.6669999999999,744.0
reachingvideo1/img00000375.png,726.6669999999999,520.0,662.0,546.25,468.0,645.3330000000001,344.0,602.6669999999999,388.0,496.0,604.3330000000001,474.333
reachingvideo1/img00000376.png,697.3330000000001,678.6669999999999,711.0,459.75,682.6669999999999,429.333,718.6669999999999,300.0,784.0,362.667,755.3330000000001,564.3330000000001
reachingvideo1/img00000377.png,605.3330000000001,434.667,635.0,399.0,646.6669999999999,341.333,720.0,184.0,769.3330000000001,334.667,672.75,423.5
reachingvideo1/img00000378.png,630.6669999999999,653.3330000000001,698.6669999999999,582.6669999999999,756.0,446.667,829.3330000000001,400.0,865.3330000000001,462.667,780.5,604.75
reachingvideo1/img00000379.png,276.0,578.6669999999999,230.833,578.5,250.0,574.0,100.0,618.6669999999999,156.0,484.0,274.66700000000003,474.333
reachingvideo1/img00000380.png,606.6669999999999,634.6669999999999,645.1669999999999,620.6669999999999,688.0,626.0,832.0,629.3330000000001,700.0,712.0,637.25,661.5
reachingvideo1/img00000381.png,181.333,534.6669999999999,201.333,492.0,178.667,512.0,289.33299999999997,398.667,340.0,536.0,226.25,501.75
reachingvideo1/img00000382.png,,,,,328.0,196.0,468.0,261.33299999999997,310.66700000000003,353.333,218.333,385.0
reachingvideo1/img00000383.png,372.0,262.66700000000003,421.333,449.333,516.0,609.3330000000001,473.333,688.0,368.0,633.3330000000001,328.333,384.667
reachingvideo1/img00000384.png,828.0,722.6669999999999,672.0,770.6669999999999,588.0,800.0,418.667,770.6669999999999,501.333,669.3330000000001,712.3330000000001,666.6669999999999
reachingvideo1/img00000385.png,,,,,262.66700000000003,661.3330000000001,346.667,697.3330000000001,296.0,786.6669999999999,,
reachingvideo1/img00000386.png,173.333,537.3330000000001,,,189.333,480.0,278.66700000000003,388.0,340.0,541.3330000000001,273.0,632.0
reachingvideo1/img00000387.png,,,,,462.667,205.333,473.333,332.0,364.0,257.33299999999997,,
reachingvideo1/img00000388.png,780.0,717.3330000000001,592.5,554.25,525.3330000000001,474.667,458.667,386.667,577.3330000000001,385.333,755.3330000000001,604.0
reachingvideo1/img00000389.png,201.333,708.0,360.667,755.0,458.667,730.6669999999999,590.6669999999999,768.0,497.333,864.0,275.25,786.5
reachingvideo1/img00000390.png,310.66700000000003,193.333,424.0,178.667,725.3330000000001,309.33299999999997,702.6669999999999,396.0,605.3330000000001,316.0,508.0,254.667
reachingvideo1/img00000391.png,,,,,408.0,724.0,501.333,708.0,509.333,857.3330000000001,,
reachingvideo1/img00000392.png,342.667,864.0,452.0,714.6669999999999,504.0,586.6669999999999,590.6669999999999,538.6669999999999,630.6669999999999,641.3330000000001,441.333,834.0
reachingvideo1/img00000393.png,602.6669999999999,238.667,488.0,214.0,438.667,324.0,312.0,324.0,354.667,253.333,466.667,158.0
reachingvideo1/img00000394.png,106.667,608.0,214.0,618.3330000000001,388.0,533.3330000000001,496.0,558.6669999999999,445.333,714.6669999999999,309.33299999999997,745.3330000000001
reachingvideo1/img00000395.png,,,,,437.333,798.6669999999999,466.667,709.3330000000001,534.6669999999999,720.0,,
reachingvideo1/img00000396.png,181.333,201.333,324.0,337.5,397.333,421.333,432.0,566.6669999999999,304.0,577.3330000000001,214.667,310.66700000000003
reachingvideo1/img00000397.png,652.0,514.6669999999999,640.75,468.0,608.0,372.0,693.3330000000001,193.333,772.0,337.333,699.25,481.5
reachingvideo1/img00000398.png,242.667,445.333,294.25,524.75,470.667,714.6669999999999,437.333,805.3330000000001,317.33299999999997,830.6669999999999,234.667,644.0
reachingvideo1/img00000399.png,302.66700000000003,390.667,274.66700000000003,500.0,286.66700000000003,616.0,282.66700000000003,757.3330000000001,168.0,704.0,127.667,544.6669999999999
reachingvideo1/img00000400.png,577.3330000000001,681.3330000000001,605.3330000000001,717.3330000000001,596.0,729.3330000000001,718.6669999999999,809.3330000000001,572.0,830.6669999999999,528.0,752.3330000000001
reachingvideo1/img00000401.png,,,,,757.3330000000001,352.0,652.0,370.667,665.3330000000001,329.333,,
reachingvideo1/img00000402.png,597.3330000000001,137.333,586.5,247.0,462.667,534.6669999999999,372.0,576.0,318.66700000000003,454.667,451.5,302.5
reachingvideo1/img00000403.png,106.667,606.6669999999999,187.5,652.0,233.333,700.0,332.0,858.6669999999999,186.667,774.6669999999999,146.0,674.6669999999999
reachingvideo1/img00000404.png,,,,,324.0,196.0,465.333,261.33299999999997,308.0,353.333,183.0,413.667
reachingvideo1/img00000405.png,838.6669999999999,326.66700000000003,698.75,299.0,553.3330000000001,292.0,445.333,269.33299999999997,582.6669999999999,190.667,707.0,205.667
reachingvideo1/img00000406.png,392.0,412.0,392.0,461.333,442.667,573.3330000000001,290.66700000000003,668.0,313.33299999999997,525.3330000000001,372.167,464.167
reachingvideo1/img00000407.png,205.333,253.333,310.75,235.75,533.3330000000001,190.667,617.3330000000001,314.66700000000003,488.0,364.0,353.333,303.0
reachingvideo1/img00000408.png,638.6669999999999,773.3330000000001,470.75,778.5,300.0,728.0,237.333,614.6669999999999,378.667,612.0,532.6669999999999,694.6669999999999
reachingvideo1/img00000409.png,314.66700000000003,612.0,307.0,495.333,297.33299999999997,268.0,428.0,157.333,488.0,289.33299999999997,389.0,442.667
reachingvideo1/img00000410.png,281.33299999999997,781.3330000000001,380.667,759.1669999999999,628.0,708.0,696.0,782.6669999999999,562.6669999999999,884.0,514.75,863.5
reachingvideo1/img00000411.png,524.0,524.0,626.25,501.125,754.6669999999999,505.333,868.0,592.0,729.3330000000001,612.0,631.3330000000001,561.6669999999999
reachingvideo1/img00000412.png,,,791.0,503.5,693.3330000000001,653.3330000000001,568.0,700.0,558.6669999999999,573.3330000000001,729.6669999999999,457.333
reachingvideo1/img00000413.png,788.0,353.333,827.0,603.3330000000001,721.3330000000001,628.0,532.0,650.6669999999999,589.3330000000001,533.3330000000001,732.3330000000001,448.667
reachingvideo1/img00000414.png,,,,,181.333,626.6669999999999,197.333,470.667,233.333,586.6669999999999,258.75,728.25
reachingvideo1/img00000415.png,302.66700000000003,561.3330000000001,272.0,549.3330000000001,252.0,421.333,353.333,298.66700000000003,326.66700000000003,469.333,332.25,538.25
reachingvideo1/img00000416.png,,,,,252.0,568.0,397.333,500.0,312.0,629.3330000000001,,
reachingvideo1/img00000417.png,598.6669999999999,288.0,473.333,452.0,401.333,578.6669999999999,294.66700000000003,629.3330000000001,212.0,565.3330000000001,425.0,405.0
reachingvideo1/img00000418.png,,,530.6669999999999,782.6669999999999,380.0,628.0,442.667,516.0,577.3330000000001,616.0,638.6669999999999,715.6669999999999
reachingvideo1/img00000419.png,512.0,928.0,452.0,824.0,510.667,684.0,662.6669999999999,625.3330000000001,640.0,813.3330000000001,569.3330000000001,844.6669999999999
reachingvideo1/img00000420.png,,,,,266.66700000000003,220.0,364.0,281.33299999999997,345.333,333.333,163.0,446.167
reachingvideo1/img00000421.png,810.6669999999999,506.667,740.5,713.75,650.6669999999999,729.3330000000001,502.667,702.6669999999999,598.6669999999999,586.6669999999999,738.6669999999999,712.0
reachingvideo1/img00000422.png,440.0,470.667,545.3330000000001,401.333,686.6669999999999,398.667,816.0,472.0,674.6669999999999,534.6669999999999,529.0,502.0
reachingvideo1/img00000423.png,484.0,432.0,546.0,403.25,688.0,398.667,809.3330000000001,474.667,672.0,534.6669999999999,528.6669999999999,501.333
reachingvideo1/img00000424.png,709.3330000000001,797.3330000000001,619.5,808.0,549.0,820.0,405.333,810.6669999999999,540.0,722.6669999999999,629.0,789.6669999999999
reachingvideo1/img00000425.png,325.33299999999997,548.0,335.75,486.0,340.0,506.0,292.0,330.667,434.667,420.0,381.0,492.0
reachingvideo1/img00000426.png,,,161.5,649.5,233.333,536.0,452.0,530.6669999999999,361.333,690.6669999999999,232.0,706.0
reachingvideo1/img00000427.png,485.333,601.3330000000001,569.0,680.25,682.6669999999999,678.6669999999999,767.5,774.0,632.0,814.6669999999999,530.6669999999999,699.0
reachingvideo1/img00000428.png,474.667,792.0,462.167,747.8330000000001,416.0,674.6669999999999,556.0,616.0,546.6669999999999,736.0,452.0,748.5
reachingvideo1/img00000429.png,141.333,710.6669999999999,293.75,769.75,461.333,706.6669999999999,604.0,733.3330000000001,510.667,857.3330000000001,288.5,815.0
reachingvideo1/img00000430.png,453.333,308.0,383.667,402.0,309.33299999999997,478.667,153.333,445.333,246.667,366.667,331.333,316.0
reachingvideo1/img00000431.png,458.667,902.6669999999999,575.25,835.75,729.3330000000001,726.6669999999999,814.6669999999999,701.3330000000001,761.3330000000001,836.0,586.6669999999999,886.6669999999999
reachingvideo1/img00000432.png,293.33299999999997,682.6669999999999,408.5,663.75,388.0,512.0,458.667,382.667,530.6669999999999,486.667,408.0,707.5
reachingvideo1/img00000433.png,302.66700000000003,553.3330000000001,284.16700000000003,528.3330000000001,288.75,508.25,189.333,432.0,344.0,413.333,312.25,505.5
reachingvideo1/img00000434.png,282.66700000000003,764.0,387.75,667.75,450.667,550.6669999999999,594.6669999999999,532.0,574.6669999999999,632.0,379.5,759.0
reachingvideo1/img00000435.png,130.667,721.3330000000001,293.83299999999997,629.3330000000001,397.333,654.6669999999999,533.3330000000001,720.0,418.667,801.3330000000001,311.0,737.0
reachingvideo1/img00000436.png,470.667,390.667,413.5,429.0,424.0,580.0,326.66700000000003,712.0,298.66700000000003,545.3330000000001,312.33299999999997,428.0
reachingvideo1/img00000437.png,241.333,666.6669999999999,458.0,681.0,568.0,680.0,682.6669999999999,688.0,688.0,778.6669999999999,315.66700000000003,738.6669999999999
reachingvideo1/img00000438.png,874.6669999999999,376.0,748.0,386.0,532.0,277.33299999999997,436.0,228.0,525.3330000000001,150.667,742.6669999999999,259.33299999999997
reachingvideo1/img00000439.png,672.0,434.667,694.6669999999999,402.0,649.3330000000001,424.0,816.0,318.66700000000003,832.0,481.333,752.0,463.0
reachingvideo1/img00000440.png,341.333,500.0,337.75,428.5,341.333,432.0,345.333,573.3330000000001,202.667,536.0,172.5,438.0
reachingvideo1/img00000441.png,414.667,296.0,568.0,278.5,680.0,396.0,677.3330000000001,525.3330000000001,565.3330000000001,422.667,483.667,344.333
reachingvideo1/img00000442.png,,,,,372.0,250.667,378.667,370.667,309.33299999999997,382.667,,
reachingvideo1/img00000443.png,550.6669999999999,917.3330000000001,553.0,829.5,497.333,784.0,442.667,620.0,581.3330000000001,698.6669999999999,635.3330000000001,811.6669999999999
reachingvideo1/img00000444.png,602.6669999999999,460.0,625.3330000000001,426.667,652.0,334.667,724.0,184.0,769.3330000000001,333.333,644.0,435.833
reachingvideo1/img00000445.png,169.333,381.333,292.75,602.25,258.66700000000003,609.3330000000001,268.0,740.0,160.0,612.0,180.0,531.6669999999999
reachingvideo1/img00000446.png,,,,,322.66700000000003,576.0,296.0,674.6669999999999,169.333,581.3330000000001,,
reachingvideo1/img00000447.png,236.0,705.3330000000001,251.5,628.25,221.333,548.0,264.0,397.333,357.333,513.3330000000001,314.66700000000003,630.0
reachingvideo1/img00000448.png,672.0,809.3330000000001,573.3330000000001,880.0,549.3330000000001,833.3330000000001,350.667,786.6669999999999,528.0,753.3330000000001,599.0,799.0
reachingvideo1/img00000449.png,,,372.75,750.75,457.333,665.3330000000001,584.0,658.6669999999999,476.0,782.6669999999999,344.5,818.5
reachingvideo1/img00000450.png,656.0,918.6669999999999,580.75,810.5,654.6669999999999,573.3330000000001,757.3330000000001,508.0,768.0,677.3330000000001,668.3330000000001,809.0
reachingvideo1/img00000451.png,817.3330000000001,732.0,622.6669999999999,815.6669999999999,465.333,784.0,396.0,649.3330000000001,512.0,662.6669999999999,740.0,694.0
reachingvideo1/img00000452.png,816.0,556.0,674.3330000000001,748.6669999999999,462.667,673.3330000000001,472.0,546.6669999999999,586.6669999999999,630.6669999999999,702.5,599.5
reachingvideo1/img00000453.png,586.6669999999999,673.3330000000001,445.75,624.0,346.667,446.667,404.0,313.33299999999997,481.333,440.0,467.0,586.0
reachingvideo1/img00000454.png,126.667,586.6669999999999,144.0,533.3330000000001,89.333,532.0,141.333,412.0,240.0,510.667,184.667,545.6669999999999
reachingvideo1/img00000455.png,302.66700000000003,245.333,344.0,285.33299999999997,328.0,293.0,460.0,276.0,342.667,413.333,254.667,400.0
reachingvideo1/img00000456.png,489.333,448.0,463.75,471.75,442.667,574.6669999999999,284.0,630.6669999999999,360.0,486.667,451.75,455.0
reachingvideo1/img00000457.png,561.3330000000001,473.333,522.75,504.5,441.333,572.0,278.66700000000003,628.0,362.667,484.0,512.5,480.75
reachingvideo1/img00000458.png,892.0,358.667,808.3330000000001,482.0,561.3330000000001,585.3330000000001,458.667,557.3330000000001,513.3330000000001,426.667,723.0,413.667
reachingvideo1/img00000459.png,778.6669999999999,701.3330000000001,690.3330000000001,771.3330000000001,441.333,769.3330000000001,382.667,661.3330000000001,526.6669999999999,664.0,618.0,725.3330000000001
reachingvideo1/img00000460.png,305.33299999999997,542.6669999999999,260.0,492.0,270.66700000000003,504.0,214.667,334.667,346.667,389.333,380.5,484.0
reachingvideo1/img00000461.png,737.3330000000001,300.0,760.0,382.0,830.6669999999999,433.333,841.3330000000001,577.3330000000001,732.0,524.0,719.75,362.25
reachingvideo1/img00000462.png,601.3330000000001,812.0,644.0,776.6669999999999,658.6669999999999,646.6669999999999,722.6669999999999,516.0,804.0,661.3330000000001,693.3330000000001,756.8330000000001
reachingvideo1/img00000463.png,314.66700000000003,612.0,,,317.33299999999997,562.6669999999999,500.0,658.6669999999999,370.667,768.0,292.5,725.0
reachingvideo1/img00000464.png,762.6669999999999,236.0,820.75,459.75,810.6669999999999,589.3330000000001,688.0,694.6669999999999,710.6669999999999,592.0,711.0,356.0
reachingvideo1/img00000465.png,186.667,438.667,254.667,556.0,381.333,652.0,418.667,769.3330000000001,297.33299999999997,742.6669999999999,182.0,548.6669999999999
reachingvideo1/img00000466.png,,,265.33299999999997,493.333,278.66700000000003,518.6669999999999,213.333,336.0,346.667,390.667,381.0,486.667
reachingvideo1/img00000467.png,301.33299999999997,837.3330000000001,352.75,744.75,424.0,598.6669999999999,513.3330000000001,498.667,542.6669999999999,636.0,500.667,786.3330000000001
reachingvideo1/img00000468.png,466.667,820.0,480.333,749.0,322.66700000000003,605.3330000000001,324.0,489.333,442.667,530.6669999999999,543.3330000000001,742.0
reachingvideo1/img00000469.png,,,682.6669999999999,663.3330000000001,653.3330000000001,565.3330000000001,665.3330000000001,418.667,788.0,517.3330000000001,739.1669999999999,646.5
reachingvideo1/img00000470.png,557.3330000000001,552.0,577.3330000000001,457.333,594.6669999999999,313.33299999999997,673.3330000000001,212.0,750.6669999999999,356.0,714.3330000000001,463.0
reachingvideo1/img00000471.png,,,,,818.6669999999999,334.667,722.6669999999999,382.667,690.6669999999999,302.66700000000003,,
reachingvideo1/img00000472.png,680.0,117.333,666.25,241.5,585.3330000000001,449.333,484.0,546.6669999999999,420.0,442.667,591.5,234.0
reachingvideo1/img00000473.png,,,,,225.333,486.667,209.333,333.333,342.667,389.333,282.5,493.0
reachingvideo1/img00000474.png,872.6669999999999,480.0,780.75,391.25,690.6669999999999,472.0,530.6669999999999,476.0,600.0,342.667,844.0,381.0
reachingvideo1/img00000475.png,244.0,446.667,297.25,390.0,445.333,370.667,602.6669999999999,440.0,452.0,501.333,304.5,455.25
reachingvideo1/img00000476.png,865.3330000000001,637.3330000000001,714.5,746.25,548.0,810.6669999999999,414.667,745.3330000000001,445.333,648.0,693.6669999999999,650.3330000000001
reachingvideo1/img00000477.png,293.33299999999997,546.6669999999999,271.25,657.0,292.0,725.3330000000001,261.33299999999997,854.6669999999999,164.0,705.3330000000001,247.0,606.3330000000001
reachingvideo1/img00000478.png,214.667,481.333,256.0,562.6669999999999,433.333,572.0,530.6669999999999,662.6669999999999,388.0,744.0,214.25,648.75
reachingvideo1/img00000479.png,609.3330000000001,532.0,649.3330000000001,518.6669999999999,652.3330000000001,539.3330000000001,797.3330000000001,494.667,705.3330000000001,638.6669999999999,650.75,555.75
reachingvideo1/img00000480.png,726.6669999999999,753.3330000000001,478.667,781.0,440.0,846.6669999999999,344.0,732.0,445.333,656.0,599.6669999999999,711.6669999999999
reachingvideo1/img00000481.png,,,,,728.0,336.0,841.3330000000001,321.33299999999997,820.0,477.333,728.6669999999999,438.0
reachingvideo1/img00000482.png,736.0,812.0,661.5,724.25,457.333,509.333,448.0,410.667,554.6669999999999,396.0,710.0,667.0
reachingvideo1/img00000483.png,,,757.3330000000001,692.0,720.0,568.0,732.0,414.667,842.6669999999999,545.3330000000001,872.5,623.0
reachingvideo1/img00000484.png,392.0,701.3330000000001,353.333,690.6669999999999,368.0,689.3330000000001,204.0,680.0,288.0,560.0,387.0,616.0
reachingvideo1/img00000485.png,614.6669999999999,313.33299999999997,505.75,274.0,361.333,308.0,234.667,256.0,356.0,148.0,494.5,195.0
reachingvideo1/img00000486.png,581.3330000000001,101.333,585.3330000000001,245.333,462.667,532.0,392.0,536.0,341.333,421.333,452.333,298.0
reachingvideo1/img00000487.png,309.33299999999997,144.0,452.0,180.0,748.0,292.0,705.3330000000001,382.667,568.0,360.0,463.667,240.667
reachingvideo1/img00000488.png,300.0,540.0,262.25,538.0,249.333,528.0,128.0,580.0,200.0,456.0,308.33299999999997,422.667
reachingvideo1/img00000489.png,,,577.1669999999999,623.8330000000001,454.667,604.0,,,528.0,500.0,610.25,569.25
reachingvideo1/img00000490.png,357.333,810.6669999999999,366.0,667.6669999999999,472.0,414.667,542.6669999999999,421.333,530.6669999999999,570.6669999999999,473.0,615.6669999999999
reachingvideo1/img00000491.png,324.0,752.0,243.0,685.0,160.0,453.333,249.333,354.667,298.66700000000003,461.333,289.0,640.3330000000001
reachingvideo1/img00000492.png,658.6669999999999,561.3330000000001,704.0,614.6669999999999,692.0,621.3330000000001,832.0,630.6669999999999,696.0,712.0,677.6669999999999,624.0
reachingvideo1/img00000493.png,,,732.0,665.75,554.6669999999999,736.0,460.667,842.3330000000001,381.333,788.0,650.6669999999999,575.6669999999999
reachingvideo1/img00000494.png,,,573.3330000000001,597.3330000000001,509.333,717.3330000000001,336.0,722.6669999999999,425.333,594.6669999999999,547.5,545.25
reachingvideo1/img00000495.png,113.333,393.333,186.75,518.5,273.33299999999997,664.0,328.0,764.0,174.667,700.0,98.667,582.0
reachingvideo1/img00000496.png,,,334.5,341.25,426.667,360.0,568.0,454.667,469.333,488.0,271.25,387.25
reachingvideo1/img00000497.png,680.0,454.667,725.3330000000001,430.667,730.6669999999999,448.0,817.3330000000001,318.66700000000003,833.3330000000001,484.0,760.25,470.75
reachingvideo1/img00000498.png,124.0,298.66700000000003,285.33299999999997,338.667,452.0,409.333,502.667,541.3330000000001,364.0,557.3330000000001,242.0,434.5
reachingvideo1/img00000499.png,188.0,526.6669999999999,210.667,488.0,189.333,504.0,284.0,385.333,342.667,542.6669999999999,257.5,527.25
reachingvideo1/img00000500.png,669.3330000000001,173.333,745.0,261.0,780.0,540.0,672.0,593.3330000000001,630.6669999999999,457.333,693.75,336.75
